dataset,scenario,method,brier,mae,occupancy_mae,occupancy_signed_bias,precision,recall,f1,rare_brier,rare_positive_recall,short_positive_recall,transition_brier
t4,flip10_cut8,raw,0.1000133306671999,0.1000133306671999,0.08348194924431303,0.027054069746917413,0.8378254890778286,0.8999782153419712,0.8677899812478985,0.10002320716412272,0.8998654648358274,0.9000442464165875,0.0999269138048508
t4,flip10_cut8,linear,0.05080675650427335,0.14768847630633516,0.08348194924431303,0.027054069746917413,0.9207731808574947,0.9283797147897993,0.9245606617658905,0.03331960751718754,0.6533538508749096,0.6378105671628703,0.1896896915236861
t4,flip10_cut8,paper332,0.04036348805980258,0.10697583112943974,0.03892160956929184,0.013006895934109884,0.9358314748883849,0.9279685997455841,0.9318832025233132,0.018802704075313453,0.5519923066074354,0.5232765070751219,0.21556912886020205
t4,flip10_cut8,oracle_debiased_linear,0.042254836597791584,0.10975555040183338,0.041011340700841926,0.013662043447207275,0.9358314748883849,0.9279685997455841,0.9318832025233132,0.020752342828319205,0.5519923066074354,0.5232765070751219,0.2137159917994642
t4,flip10_cut8,hard_linear,0.04947361388143021,0.04947361388143021,0.019124680481367076,-0.003064603777778542,0.9358314748883849,0.9279685997455841,0.9318832025233132,0.016145416749983335,0.5519923066074354,0.5232765070751219,0.3339344811035094
t4,flip10_cut8,moving_average,0.05681199875393802,0.17390933038453626,0.0834819492442943,0.027054069746917413,0.9176953732872174,0.8989554635468666,0.9082279746344893,0.024822546474915812,0.4112605868284866,0.3693518966876881,0.26053587939827366
t4,flip10_cut8,gaussian,0.0547294927245874,0.16599129717435465,0.0834819492443125,0.027054069746917476,0.9250158375412045,0.9106794573925007,0.91779120953389,0.02690595654729532,0.46435941249585194,0.3882929620927871,0.25123265153870544
t4,flip10_cut8,median,0.06208363967741825,0.06208363967741825,0.022632877822141118,-0.0044546619675427555,0.9200093034487624,0.908772034876239,0.9143558315168573,0.015953649547868202,0.48431576225786394,0.3884877952788863,0.4187261989658142
t4,flip10_cut8,power_full,0.03719128753665906,0.07123802704787513,0.02278310243533395,0.006320320117218152,0.9207731808574947,0.9283797147897993,0.9245606617658905,0.01871029125601063,0.6533538508749096,0.6378105671628703,0.19655985656237562
t4,flip10_cut8,power_matched,0.03719128753665906,0.07123802704787513,0.02278310243533395,0.006320320117218152,0.9207731808574947,0.9283797147897993,0.9245606617658905,0.01871029125601063,0.6533538508749096,0.6378105671628703,0.19655985656237562
t4,flip05_cut8,raw,0.04997551318289561,0.04997551318289561,0.04173128886013747,0.013520646731074436,0.9160604017458742,0.9500232753577889,0.9327326366403108,0.04998380532226888,0.9501650366262924,0.9500281388369206,0.050017311121228224
t4,flip05_cut8,linear,0.03224047920536915,0.08351533866560923,0.041731288860137467,0.013520646731074443,0.9160604017458742,0.9500232753577889,0.9327326366403108,0.023930527663013876,0.9501650366262924,0.9500281388369206,0.10391097510047136
t4,flip05_cut8,paper332,0.027147728473668756,0.06856376016010371,0.023944358018108153,0.007977834482712163,0.9549666357559793,0.956514804652623,0.9557399928755229,0.016294244765399573,0.7230235785409826,0.768081216436371,0.12158005564851317
t4,flip05_cut8,oracle_debiased_linear,0.030392386607619393,0.08021571078851902,0.030600825715062684,0.010151253100330182,0.9549666357559793,0.956514804652623,0.9557399928755229,0.018263706280485865,0.7230235785409826,0.768081216436371,0.13423125424639235
t4,flip05_cut8,hard_linear,0.03230930455081705,0.03230930455081705,0.011228227585840383,0.0005906164210115274,0.9549666357559793,0.956514804652623,0.9557399928755229,0.017596584849696728,0.7230235785409826,0.768081216436371,0.16667443870688828
t4,flip05_cut8,moving_average,0.046832812213847864,0.1138469549557265,0.041731288860132144,0.01352064673107444,0.9285728300574059,0.9197061080915466,0.9241179464708887,0.02158659309804706,0.5349576352940035,0.43257723001293175,0.248639763791724
t4,flip05_cut8,gaussian,0.03701160602219483,0.06673410935599063,0.04173128886013719,0.013520646731074434,0.9160604017458742,0.9500232753577889,0.9327326366403108,0.03407195596713624,0.9501650366262924,0.9500281388369206,0.063638816103979
t4,flip05_cut8,median,0.052906013762193387,0.052906013762193387,0.012643957824113953,-0.00042736035329581627,0.9279650799715045,0.9268792190022745,0.9274217086559732,0.01980303592059366,0.6190470951405409,0.535914700501258,0.35216954325258626
t4,flip05_cut8,power_full,0.023908269528584592,0.04346733378570137,0.015755157909054157,0.0037361723008264487,0.9549666357559793,0.956514804652623,0.9557399928755229,0.014172401627912652,0.7230235785409826,0.768081216436371,0.11134041252797246
t4,flip05_cut8,power_matched,0.02411129819784863,0.04811721748478865,0.016929966214446975,0.00446116237391325,0.9549666357559793,0.956514804652623,0.9557399928755229,0.014475289223092954,0.7230235785409826,0.768081216436371,0.11007376109890014
t4,flip20_cut8,raw,0.19995375526551795,0.19995375526551795,0.16686703290317081,0.0541103936637784,0.6966920086976307,0.8000604223109983,0.7448054393527627,0.19999041858295008,0.7997140837267896,0.8001220846650083,0.19981318719155428
t4,flip20_cut8,linear,0.08272295774016154,0.24840838469746,0.16686703290317081,0.05411039366377845,0.9147164942698698,0.9063172036678605,0.9104971265359593,0.05905369023452486,0.48500259132642426,0.4247653533539304,0.24147634035032786
t4,flip20_cut8,paper332,0.061906353580187375,0.1794035132147672,0.09809242785033732,0.032119586665575406,0.9147164942698698,0.9063172036678605,0.9104971265359593,0.03510768589465535,0.48500259132642426,0.4247653533539304,0.2524427365186905
t4,flip20_cut8,oracle_debiased_linear,0.055316212073377564,0.1324159846452718,0.05169620231490907,0.01716059658699971,0.9147164942698698,0.9063172036678605,0.9104971265359593,0.026847926567153818,0.48500259132642426,0.4247653533539304,0.26389941850739224
t4,flip20_cut8,hard_linear,0.06498056666550692,0.06498056666550692,0.022188567385311973,-0.003349234550795386,0.9147164942698698,0.9063172036678605,0.9104971265359593,0.019646730376146993,0.48500259132642426,0.4247653533539304,0.40595377811620165
t4,flip20_cut8,moving_average,0.08279162981067938,0.25779551387364336,0.16686703290317575,0.05411039366377842,0.9135134503770809,0.8934308699684297,0.9033598745969496,0.05350666539933303,0.3897566081036438,0.36802623056564415,0.2514862940878626
t4,flip20_cut8,gaussian,0.08201951629259771,0.2564878927896133,0.16686703290317076,0.05411039366377849,0.9159826365211127,0.8967216841162989,0.9062491787960578,0.05356637552724822,0.4003220688491351,0.36903543488551954,0.2501867982924988
t4,flip20_cut8,median,0.06865879851435704,0.06865879851435704,0.032175607580842015,-0.006615821513836176,0.9133629812600841,0.89679413939086,0.9050021249166171,0.01574289308804906,0.41786365156813615,0.3765707170518538,0.4308986883939236
t4,flip20_cut8,power_full,0.05042923351937528,0.1055903125521254,0.030969354120817454,0.008986991319374941,0.9147164942698698,0.9063172036678605,0.9104971265359593,0.019402376803539907,0.48500259132642426,0.4247653533539304,0.2878753061469364
t4,flip20_cut8,power_matched,0.05042923351937528,0.1055903125521254,0.030969354120817454,0.008986991319374941,0.9147164942698698,0.9063172036678605,0.9104971265359593,0.019402376803539907,0.48500259132642426,0.4247653533539304,0.2878753061469364
t4,jitter025_cut8,raw,0.06945172469648836,0.06945172469648836,0.02813804670550912,0.006210437326174027,0.8980058406796926,0.9132920897479794,0.9055839321867416,0.03257789414339354,0.7769563722924645,0.7108693680744418,0.23866261353241824
t4,jitter025_cut8,linear,0.04429006796151491,0.09952588525025462,0.02813804670550912,0.006210437326174027,0.9238066807801735,0.9126458374104711,0.9181922574623416,0.015205502833495305,0.5891433973347491,0.5281572657063142,0.23111358620513253
t4,jitter025_cut8,paper332,0.042416904828151004,0.08224414063050822,0.014229002382238108,0.0011492627318126978,0.9238066807801735,0.9126458374104711,0.9181922574623416,0.013075704251655948,0.5891433973347491,0.5281572657063142,0.24061065091706166
t4,jitter025_cut8,hard_linear,0.058872021006888486,0.058872021006888486,0.008333722038256467,-0.0020256464959398177,0.9216262997518135,0.9165058960980534,0.919058844455602,0.018968359105956588,0.6445438403514168,0.6041880687025573,0.2975481737732903
t4,jitter025_cut8,moving_average,0.04962136381102378,0.11459840056882713,0.028138046705504238,0.006210437326174028,0.9196968435568701,0.8934401560160324,0.9063777958846861,0.01516657825201588,0.431423361394011,0.35335507503111846,0.2636930769640878
t4,jitter025_cut8,gaussian,0.04732244615894754,0.1056217792241826,0.02813804670550946,0.006210437326174028,0.9203990361768142,0.9026354867547092,0.9114305727254234,0.015553313092913237,0.5072473923721094,0.4109358607604345,0.25716764105848444
t4,jitter025_cut8,median,0.06717099856000756,0.06717099856000756,0.02039369054168771,-0.00837907625613182,0.9174952412583165,0.8964161573193268,0.9068329971912936,0.015668828039947565,0.46815711820592193,0.36786270717427083,0.4286505610823397
t4,jitter025_cut8,power_full,0.04241438742260981,0.08356930666998517,0.015203135793483619,0.0015521173097081484,0.9238066807801735,0.9126458374104711,0.9181922574623416,0.013146321936593227,0.5891433973347491,0.5281572657063142,0.239682006375054
t4,jitter025_cut8,power_matched,0.044546541985532484,0.06714161762979377,0.007721423921933025,-0.0029006042521353636,0.9238066807801735,0.9126458374104711,0.9181922574623416,0.012631372536752769,0.5891433973347491,0.5281572657063142,0.2677558502075696
t4,jitter050_cut8,raw,0.13529800413403617,0.13529800413403617,0.07880350316170036,0.016341808120211524,0.8010280307171701,0.8369089078737737,0.8185736414748795,0.08583536764869248,0.6746857472977066,0.5999793180657771,0.337655901644593
t4,jitter050_cut8,linear,0.06166442567670111,0.16114721433175722,0.07880350316170036,0.016341808120211545,0.9200183643620843,0.8735245195527072,0.8961684421979773,0.025949968743439165,0.447566607934692,0.3395781784229668,0.2522685841064948
t4,jitter050_cut8,paper332,0.05439182917573598,0.1247571979688702,0.04327554675012146,0.0013330098020877302,0.9200183643620843,0.8735245195527072,0.8961684421979773,0.017982369528127547,0.447566607934692,0.3395781784229668,0.2676234036756678
t4,jitter050_cut8,hard_linear,0.07381599683887315,0.07381599683887315,0.023114648899410686,-0.018430340381891754,0.9200183643620843,0.8735245195527072,0.8961684421979773,0.017071550967584264,0.447566607934692,0.3395781784229668,0.42934918528167404
t4,jitter050_cut8,moving_average,0.06214048937867624,0.16789740644801374,0.07880350316169639,0.01634180812021153,0.9283998788066574,0.8652916801144864,0.8957343601847513,0.024049913176470563,0.37609792885189797,0.28063192174649076,0.2538363163216368
t4,jitter050_cut8,gaussian,0.06145705585134973,0.16678803994745225,0.07880350316170066,0.0163418081202116,0.9294967244873827,0.8680624545867509,0.8977286132309644,0.023951853788668934,0.38391068092831354,0.28195631926972436,0.2528504504336369
t4,jitter050_cut8,median,0.07345995746676032,0.07345995746676032,0.04095172042710642,-0.024789560889606654,0.9283998788066574,0.8652916801144864,0.8957343601847513,0.01584047773778578,0.37609792885189797,0.28063192174649076,0.4373734763334289
t4,jitter050_cut8,power_full,0.05297452341069649,0.10949595576491399,0.03007354879259431,-0.0048546198496125,0.9200183643620843,0.8735245195527072,0.8961684421979773,0.01580557349046105,0.447566607934692,0.3395781784229668,0.2817768697805002
t4,jitter050_cut8,power_matched,0.05399256135377836,0.09232869554201008,0.01970395191248085,-0.011657588890875016,0.9200183643620843,0.8735245195527072,0.8961684421979773,0.014670559773981254,0.447566607934692,0.3395781784229668,0.3081466355577113
t4,correlated10_cut8,raw,0.0999736636484048,0.0999736636484048,0.08349254304652136,0.02707930370586176,0.8378552916286915,0.9000676482001065,0.8678472128964762,0.10001999600079985,0.900784614832998,0.9002891225451773,0.0999138348300093
t4,correlated10_cut8,linear,0.07749364172260563,0.1645636453953911,0.08349254304652136,0.027079303705861802,0.8302497252255391,0.859528445740385,0.8446345558087872,0.055119117045470116,0.46139262173388124,0.42220195163160196,0.24279692372862513
t4,correlated10_cut8,paper332,0.07895500123800014,0.1399068248746639,0.05967295508353022,0.019933720090882356,0.8302497252255391,0.859528445740385,0.8446345558087872,0.05668590809296251,0.46139262173388124,0.42220195163160196,0.2597263299936543
t4,correlated10_cut8,oracle_debiased_linear,0.07819117481092523,0.14012385387805126,0.05935130767752104,0.01999051730439003,0.8302497252255391,0.859528445740385,0.8446345558087872,0.05611369904680947,0.46139262173388124,0.42220195163160196,0.2543084983313998
t4,correlated10_cut8,hard_linear,0.0999736636484048,0.0999736636484048,0.08349254304652136,0.02707930370586176,0.8378552916286915,0.9000676482001065,0.8678472128964762,0.10001999600079985,0.900784614832998,0.9002891225451773,0.0999138348300093
t4,correlated10_cut8,moving_average,0.06278403599925937,0.17987580627757138,0.08349254304652698,0.02707930370586176,0.9124184010523333,0.8892121126256756,0.9006651219457518,0.028873228909276266,0.3668516520161302,0.36024688498648055,0.26449208030745985
t4,correlated10_cut8,gaussian,0.06247322425597079,0.17844907671907403,0.0834925430465213,0.02707930370586184,0.913578946777739,0.8913914364417653,0.902348121947471,0.029535947968976167,0.37592856718992446,0.36043080680701456,0.26289435994089644
t4,correlated10_cut8,median,0.07152717002807214,0.07152717002807214,0.044937331845294415,-0.00927465877124129,0.9124184010523333,0.8892121126256756,0.9006651219457518,0.016332375885933923,0.3668516520161302,0.36024688498648055,0.4331495391721149
t4,correlated10_cut8,power_full,0.07749364172260563,0.1645636453953911,0.0834925430465213,0.027079303705861802,0.8302497252255391,0.859528445740385,0.8446345558087872,0.055119117045470116,0.46139262173388124,0.42220195163160196,0.24279692372862513
t4,correlated10_cut8,power_matched,0.08857617310213724,0.1228138730307687,0.05363599108946963,0.015033232357500386,0.8302497252255391,0.859528445740385,0.8446345558087872,0.06388515462503565,0.46139262173388124,0.42220195163160196,0.30089300285447607
t4,flip10_cut7,raw,0.09999544475162937,0.09999544475162937,0.08636169052421398,0.00894304834685237,0.8826370087068152,0.8999895858270177,0.8912279233171935,0.09994297436808934,0.9001158730428003,0.9001044685567008,0.10010994898933105
t4,flip10_cut7,linear,0.04773232177553638,0.14899027518561409,0.08636169052421405,0.008943048346852282,0.9497112161567651,0.9518250587289284,0.9507669188458245,0.03174321345524999,0.4218563249898926,0.5412548557312714,0.21216013009599458
t4,flip10_cut7,paper332,0.037358025887958925,0.10104801490769322,0.039745423851004553,0.004930306914884373,0.9497112161567651,0.9518250587289284,0.9507669188458245,0.021024103569818677,0.4218563249898926,0.5412548557312714,0.21661470774775146
t4,flip10_cut7,oracle_debiased_linear,0.0390276658417523,0.10220078700242781,0.03463023426795301,0.004272302550463767,0.9475882057293022,0.9496201868623061,0.9486030198997776,0.02028308228615504,0.3504633240588966,0.4814797485263283,0.23529632160371391
t4,flip10_cut7,hard_linear,0.044875671604809465,0.044875671604809465,0.019728164874271526,0.0010142446148451469,0.9497112161567651,0.9518250587289284,0.9507669188458245,0.019618598066879,0.4218563249898926,0.5412548557312714,0.33614317678613065
t4,flip10_cut7,moving_average,0.05231020040618645,0.1663122538535771,0.0863616905241893,0.008943048346852374,0.9352758202737769,0.9383246100826245,0.9367975155126947,0.028010715269535042,0.22603425979457414,0.41947653985995287,0.26213513510040554
t4,flip10_cut7,gaussian,0.050782817948428295,0.15917450092086802,0.08636169052421327,0.008943048346852453,0.9414150138825684,0.9436141771593268,0.9425131902206658,0.02972718995959796,0.29799074794201735,0.42246599802019213,0.2515991096982997
t4,flip10_cut7,median,0.054757979563507586,0.054757979563507586,0.023686136866829532,0.0009091252401693574,0.9389846491767715,0.940856313246472,0.9399194830517175,0.020496744877604,0.32193741803709214,0.4152184990328525,0.41313956509083977
t4,flip10_cut7,power_full,0.034035552341151375,0.06282818176502931,0.01785609473443266,0.0021025654933773323,0.9497112161567651,0.9518250587289284,0.9507669188458245,0.016128734711912496,0.4218563249898926,0.5412548557312714,0.2434201164562729
t4,flip10_cut7,power_matched,0.034035552341151375,0.06282818176502931,0.01785609473443266,0.0021025654933773323,0.9497112161567651,0.9518250587289284,0.9507669188458245,0.016128734711912496,0.4218563249898926,0.5412548557312714,0.2434201164562729
t4,flip10_cut9,raw,0.10003249946669378,0.10003249946669378,0.08146361976610246,0.022873607458301498,0.8496040409323337,0.8999962064382774,0.8740729654862278,0.10004689635843322,0.8997637857751809,0.9000322225849509,0.10012453105314094
t4,flip10_cut9,linear,0.05656266697759687,0.1589159218683934,0.08146361976610246,0.022873607458301498,0.9120132684798508,0.923250555352959,0.9175973291295616,0.0363641243257554,0.6395727083070725,0.6575026527579523,0.18992910003286056
t4,flip10_cut9,paper332,0.04710221136360482,0.11708326706581396,0.043844138666358466,0.014029653489892232,0.9120132684798508,0.923250555352959,0.9175973291295616,0.027031220702427763,0.6395727083070725,0.6575026527579523,0.18532902806942544
t4,flip10_cut9,oracle_debiased_linear,0.04910686797791391,0.12030070424609572,0.046168644763529644,0.014408665455083618,0.9120132684798508,0.923250555352959,0.9175973291295616,0.028950231532020188,0.6395727083070725,0.6575026527579523,0.18654711266989352
t4,flip10_cut9,hard_linear,0.06073326404727011,0.06073326404727011,0.0257879559728468,0.000997766834858963,0.9202014172891363,0.922584787377987,0.9213914392623178,0.022064416806984687,0.5323784121799013,0.5533970332540002,0.3356945933620555
t4,flip10_cut9,moving_average,0.06650786749219045,0.18573944495578396,0.08146361976608767,0.022873607458301498,0.8989089027490538,0.89931799152297,0.8991132045405431,0.031861158186991,0.4058979920395133,0.4241567400380773,0.2593037016737911
t4,flip10_cut9,gaussian,0.06259604336089897,0.15237799303326283,0.08146361976610299,0.022873607458301515,0.9011706819909207,0.9130286358664584,0.9070607254981202,0.044225562851947085,0.6254624055054161,0.6037302240662402,0.19585353549449194
t4,flip10_cut9,median,0.07609999976933808,0.07609999976933808,0.031125949631076177,0.0005019232828056505,0.9008519571631729,0.9020277805305961,0.9014393406079252,0.023364293443679202,0.4523836322231252,0.4261159929864571,0.4171273531836397
t4,flip10_cut9,power_full,0.043674565361053796,0.08099076385903607,0.021806723218856988,0.007130944732398378,0.9120132684798508,0.923250555352959,0.9175973291295616,0.022126758356935713,0.6395727083070725,0.6575026527579523,0.19788787302775837
t4,flip10_cut9,power_matched,0.043674565361053796,0.08099076385903607,0.021806723218856988,0.007130944732398378,0.9120132684798508,0.923250555352959,0.9175973291295616,0.022126758356935713,0.6395727083070725,0.6575026527579523,0.19788787302775837
villin,flip10_cut8,raw,0.10003524114275708,0.10003524114275708,0.09006955319788355,0.08576889973070952,0.40502585526315826,0.9001362794311462,0.5567386933802139,0.10006130435966314,0.9001205618830176,0.9000961008544076,0.09981631257368169
villin,flip10_cut8,linear,0.031136492388911263,0.12846379104122863,0.09006955319788357,0.08576889973070952,0.8953736673387273,0.7684840898593673,0.8259086139001995,0.02700791796663421,0.6560086923217091,0.23997795219086737,0.24131859546338474
villin,flip10_cut8,paper332,0.019960005333488316,0.06976593870500657,0.03468576689252422,0.03250591261731988,0.8953736673387273,0.7684840898593673,0.8259086139001995,0.015826745061004146,0.6560086923217091,0.23997795219086737,0.25768464680930975
villin,flip10_cut8,oracle_debiased_linear,0.021211126474842218,0.06851075014824236,0.03323396061178691,0.03103453138613856,0.8953736673387273,0.7684840898593673,0.8259086139001995,0.017041517345463147,0.6560086923217091,0.23997795219086737,0.25225017780338044
villin,flip10_cut8,hard_linear,0.020176648664669467,0.020176648664669467,0.011296241853844842,-0.006761037685285097,0.8915592408892604,0.8001063026623484,0.8427507758012132,0.01493215421718455,0.704911319465686,0.30437065559837806,0.3669436476928966
villin,flip10_cut8,moving_average,0.033692170427081225,0.13145454075506566,0.09006955319788346,0.08576889973070952,0.8641628138476999,0.7300755139576238,0.7900440880768826,0.028791194430746358,0.6046764727574733,0.20911111197786492,0.26607124331786114
villin,flip10_cut8,gaussian,0.03230433787837456,0.12823750303114875,0.09006955319788355,0.08576889973070956,0.879315483404061,0.7661566469232607,0.817904582798269,0.02804859332272952,0.6563987794885182,0.2303066896349397,0.25324353125732507
villin,flip10_cut8,median,0.024048993917300848,0.024048993917300848,0.010753037356362639,-0.005772128169723989,0.8536418136033547,0.7792814813338725,0.8143252914073749,0.017723770025652192,0.6809382359922939,0.25420806575875465,0.41193047652000114
villin,flip10_cut8,power_full,0.015995172162488375,0.03325783052282281,0.011579135350122985,0.004052511719147168,0.8915592408892604,0.8001063026623484,0.8427507758012132,0.01212984146197984,0.704911319465686,0.30437065559837806,0.27166646608081507
villin,flip10_cut8,power_matched,0.015995172162488375,0.03325783052282281,0.011579135350122985,0.004052511719147168,0.8915592408892604,0.8001063026623484,0.8427507758012132,0.01212984146197984,0.704911319465686,0.30437065559837806,0.27166646608081507
villin,flip05_cut8,raw,0.04998147311709639,0.04998147311709639,0.0451029150161385,0.042844098001145324,0.5878233746304676,0.9500240017704297,0.7249871548394259,0.049966426971407484,0.9502993035435477,0.9499058756866523,0.04979411548025326
villin,flip05_cut8,linear,0.019823470517609274,0.07472025938931628,0.045102915016138494,0.0428440980011453,0.9194442406794838,0.8373473194506312,0.8760586732268539,0.016794756368917575,0.7583706072532518,0.39108698580792284,0.20108504136310587
villin,flip05_cut8,paper332,0.013962280228918182,0.04350551852418658,0.01798173173053955,0.016274782969335173,0.9194442406794838,0.8373473194506312,0.8760586732268539,0.01107147867864512,0.7583706072532518,0.39108698580792284,0.20340071954219321
villin,flip05_cut8,oracle_debiased_linear,0.01690147269894721,0.05592449457663531,0.02806701519242868,0.02654063432472824,0.9194442406794838,0.8373473194506312,0.8760586732268539,0.013939831161763463,0.7583706072532518,0.39108698580792284,0.20063829529682364
villin,flip05_cut8,hard_linear,0.016040519283374983,0.016040519283374983,0.009279717493468878,-0.005888187956705285,0.9194442406794838,0.8373473194506312,0.8760586732268539,0.011841992650706646,0.7583706072532518,0.39108698580792284,0.3130143575210396
villin,flip05_cut8,moving_average,0.02339450036878521,0.07947564759402818,0.04510291501613848,0.042844098001145324,0.8818975672042765,0.7835826070554383,0.8291889469201994,0.019190118528523502,0.6839333587510681,0.23662352228707442,0.2580153463291766
villin,flip05_cut8,gaussian,0.02152931921078081,0.07501056238301534,0.04510291501613853,0.042844098001145324,0.8984265282820235,0.8249685495853599,0.8597837244824937,0.018195770942539873,0.7442751545836793,0.3413856342523179,0.22755923934850286
villin,flip05_cut8,median,0.01968586189516129,0.01968586189516129,0.007850642581970317,-0.0036531633940065124,0.8764328284261181,0.8277810363252645,0.8512237752609065,0.014594373910991722,0.7524201361320667,0.3554185327803842,0.36896628303865703
villin,flip05_cut8,power_full,0.011367779365096206,0.024964630216289835,0.009870935246722086,0.005985818927751547,0.8737686306763206,0.8850407840576686,0.8793368946560812,0.009085475315848432,0.8346319705810563,0.5873229097652327,0.1701417042620933
villin,flip05_cut8,power_matched,0.011367779365096206,0.024964630216289835,0.009870935246722086,0.005985818927751547,0.8737686306763206,0.8850407840576686,0.8793368946560812,0.009085475315848432,0.8346319705810563,0.5873229097652327,0.1701417042620933
villin,flip20_cut8,raw,0.1999908431181849,0.1999908431181849,0.17979974656406184,0.17141372233738453,0.23380946583307152,0.7999464228480943,0.3600799571373671,0.1999786166796743,0.8000135933297724,0.8000142897907822,0.19999796632517897
villin,flip20_cut8,linear,0.06431926941694668,0.2213022041497081,0.17979974656406184,0.17141372233738453,0.7983003582235901,0.7594404351104244,0.7780068341012134,0.060546749970921056,0.6535010184609359,0.2796045021818601,0.2423553933004354
villin,flip20_cut8,paper332,0.04087152435950686,0.14676141294012227,0.10819999528213624,0.10302503859380062,0.7983003582235901,0.7594404351104244,0.7780068341012134,0.036699946851473736,0.6535010184609359,0.2796045021818601,0.2546447925515263
villin,flip20_cut8,oracle_debiased_linear,0.03278525470320494,0.09606072382648319,0.06018208166168587,0.05651818985867791,0.7983003582235901,0.7594404351104244,0.7780068341012134,0.028388151579976418,0.6535010184609359,0.2796045021818601,0.2673906280511706
villin,flip20_cut8,hard_linear,0.029343654014983723,0.029343654014983723,0.015086725346196804,-0.003107919843489701,0.7983003582235901,0.7594404351104244,0.7780068341012134,0.022697474067990418,0.6535010184609359,0.2796045021818601,0.4052096368744378
villin,flip20_cut8,moving_average,0.06423232296858075,0.22778023876242545,0.17979974656406192,0.17141372233738453,0.8339594264437679,0.6690869437201051,0.739877306506632,0.05906556250712922,0.5215490018048053,0.19121614205197268,0.2603677137701203
villin,flip20_cut8,gaussian,0.06315740743085563,0.2255060340254632,0.1797997465640618,0.17141372233738453,0.8462664627220476,0.7031752309389571,0.7662303509679728,0.05850111976288558,0.5678832894659444,0.20311736427766547,0.2554844406013365
villin,flip20_cut8,median,0.0312660633660836,0.0312660633660836,0.019301090945876873,-0.0131455189047592,0.8339594264437679,0.6690869437201051,0.739877306506632,0.022429889609348535,0.5215490018048053,0.19121614205197268,0.437795390205382
villin,flip20_cut8,power_full,0.024074157349990227,0.05186059825745507,0.023498507774493246,0.0168355959725458,0.7983003582235901,0.7594404351104244,0.7780068341012134,0.019136016829122564,0.6535010184609359,0.2796045021818601,0.310754087971567
villin,flip20_cut8,power_matched,0.02559674118642562,0.06935692217360412,0.03669811811556158,0.032601576358799234,0.7983003582235901,0.7594404351104244,0.7780068341012134,0.02091417027685555,0.6535010184609359,0.2796045021818601,0.29179210070289735
villin,jitter025_cut8,raw,0.008728214507136907,0.008728214507136907,0.003522628800355899,0.0006718782537293654,0.9335576290514936,0.9425283531513416,0.9380160785206831,0.0060383890542568125,0.9276428788696425,0.8535956895937821,0.10205111164493759
villin,jitter025_cut8,linear,0.007641731569282326,0.01595027141766801,0.0035226288003558995,0.0006718782537293681,0.9335576290514936,0.9425283531513416,0.9380160785206831,0.005350106694508726,0.9276428788696425,0.8535956895937821,0.11206951443798681
villin,jitter025_cut8,paper332,0.007573336946544044,0.014563311188682598,0.0034659946490324957,-0.0004943307131531375,0.9335576290514936,0.9425283531513416,0.9380160785206831,0.005308662791054727,0.9276428788696425,0.8535956895937821,0.11836762328170664
villin,jitter025_cut8,hard_linear,0.008728214507136907,0.008728214507136907,0.003522628800355899,0.0006718782537293654,0.9335576290514936,0.9425283531513416,0.9380160785206831,0.0060383890542568125,0.9276428788696425,0.8535956895937821,0.10205111164493759
villin,jitter025_cut8,moving_average,0.012659679200689502,0.024523407526250696,0.0035226288003559016,0.0006718782537293637,0.905079129947533,0.8558862697576881,0.879664694356136,0.009075688343981416,0.7958155072719869,0.4790903687691128,0.2299612776411042
villin,jitter025_cut8,gaussian,0.007640298366370905,0.013787573570396774,0.0035226288003559025,0.000671878253729365,0.9335576290514936,0.9425283531513416,0.9380160785206831,0.005323194663562945,0.9276428788696425,0.8535956895937821,0.10534863704614576
villin,jitter025_cut8,median,0.016063332511027185,0.016063332511027185,0.005813465026550431,-0.003608849522707481,0.905079129947533,0.8558862697576881,0.879664694356136,0.011460285985673493,0.7958155072719869,0.4790903687691128,0.315430067641523
villin,jitter025_cut8,power_full,0.007492373430392104,0.012689455425113438,0.0034871458369794355,-0.0006281975920836014,0.9335576290514936,0.9425283531513416,0.9380160785206831,0.005230390832044531,0.9276428788696425,0.8535956895937821,0.11285881880372073
villin,jitter025_cut8,power_matched,0.00764711371531505,0.01067968519924413,0.0034711788043507497,-0.0005289074211291636,0.9335576290514936,0.9425283531513416,0.9380160785206831,0.00531258813446969,0.9276428788696425,0.8535956895937821,0.10808003378586793
villin,jitter050_cut8,raw,0.018121027492238376,0.018121027492238376,0.0073959007742692715,0.0021102289560616387,0.8597914801393792,0.8858086490506292,0.8725782104511213,0.012503886398286626,0.8623432713817206,0.7515580926317807,0.1755914143335989
villin,jitter050_cut8,linear,0.013151616180854602,0.026760828245617083,0.0073959007742692715,0.00211022895606164,0.8597914801393792,0.8858086490506292,0.8725782104511213,0.009206021318641655,0.8623432713817206,0.7515580926317807,0.17494258877284227
villin,jitter050_cut8,paper332,0.012644731084695382,0.023949258213771096,0.006166067030475275,-0.0004890725954919906,0.8970476907781881,0.8537299314385757,0.874724317584395,0.008886633087688776,0.7981293627619305,0.5619701789658464,0.18997675365672503
villin,jitter050_cut8,hard_linear,0.016909243283119418,0.016909243283119418,0.006557228218944042,-0.003181368347010828,0.8970476907781881,0.8537299314385757,0.874724317584395,0.01190251485286288,0.7981293627619305,0.5619701789658464,0.2547477517468982
villin,jitter050_cut8,moving_average,0.016208711850516182,0.03073372504290979,0.007395900774269275,0.0021102289560616366,0.8751021725859539,0.8265218851460764,0.8499739606346687,0.011497399236484199,0.7611146245856819,0.4450737463166608,0.2502613697229729
villin,jitter050_cut8,gaussian,0.014221986157007135,0.030063321167811227,0.007395900774269271,0.0021102289560616405,0.8891612469522493,0.8325691595276038,0.8597606028433527,0.010062516368996322,0.7669499953126787,0.4574037090250275,0.2139891002871812
villin,jitter050_cut8,median,0.020104236326054445,0.020104236326054445,0.006728416386254353,-0.0036882434771600033,0.8751021725859539,0.8265218851460764,0.8499739606346687,0.014155579579279801,0.7611146245856819,0.4450737463166608,0.35121446328949757
villin,jitter050_cut8,power_full,0.012647505641804233,0.02442674882607378,0.006224319481444983,-0.00025886430170761764,0.8970476907781881,0.8537299314385757,0.874724317584395,0.00889094134742271,0.7981293627619305,0.5619701789658464,0.18954526270375704
villin,jitter050_cut8,power_matched,0.013120640167777331,0.019352932678092738,0.006032235675102428,-0.0019401508790247185,0.8970476907781881,0.8537299314385757,0.874724317584395,0.009185802592129455,0.7981293627619305,0.5619701789658464,0.19838760676069636
villin,correlated10_cut8,raw,0.0999219207001079,0.0999219207001079,0.0909477390426227,0.085621265753966,0.40538956240039714,0.8999538834901104,0.5570314541728728,0.10001456208254682,0.8998434100261546,0.9003234160976884,0.09949852107569572
villin,correlated10_cut8,linear,0.060037011396759384,0.12836615175563024,0.0909477390426227,0.085621265753966,0.4275959868571489,0.7292771171421039,0.5382176950154715,0.05658539173124529,0.6301750309084918,0.2587123592900562,0.24649694957335233
villin,correlated10_cut8,paper332,0.061211573235329664,0.1061597585341183,0.07190113195587121,0.06627716805109923,0.4275959868571489,0.7292771171421039,0.5382176950154715,0.057820263981467564,0.6301750309084918,0.2587123592900562,0.2666771706726705
villin,correlated10_cut8,oracle_debiased_linear,0.060714340837087356,0.10583997202345875,0.0715271676029616,0.06595318629707635,0.4275959868571489,0.7292771171421039,0.5382176950154715,0.05733984085285696,0.6301750309084918,0.2587123592900562,0.26087352485372994
villin,correlated10_cut8,hard_linear,0.08693998954665494,0.08693998954665494,0.061289415529636154,0.04996325341582425,0.4275959868571489,0.7292771171421039,0.5382176950154715,0.08191676781587291,0.6301750309084918,0.2587123592900562,0.4054154723233981
villin,correlated10_cut8,moving_average,0.046150150277093106,0.14983999724049815,0.09094773904262253,0.085621265753966,0.7851099863449972,0.5304102873947869,0.6240545948083756,0.038029190589147804,0.35122411984433294,0.13363134361273363,0.29393211345327963
villin,correlated10_cut8,gaussian,0.044523586241387046,0.14659308565813053,0.0909477390426227,0.08562126575396602,0.7919318580129106,0.5656425655462844,0.6530590335337477,0.0372516031460925,0.388017048515968,0.1391728700269582,0.287680498635478
villin,correlated10_cut8,median,0.04113782102477093,0.04113782102477093,0.032342826088757,-0.021764157420159396,0.7851099863449972,0.5304102873947869,0.6240545948083756,0.02878521145666957,0.35122411984433294,0.13363134361273363,0.4476456328578952
villin,correlated10_cut8,power_full,0.060037011396759384,0.1283661517556302,0.0909477390426227,0.085621265753966,0.4275959868571489,0.7292771171421039,0.5382176950154715,0.05658539173124529,0.6301750309084918,0.2587123592900562,0.24649694957335233
villin,correlated10_cut8,power_matched,0.06846252301420554,0.09226926207366386,0.06272943822697785,0.05437446004125793,0.4275959868571489,0.7292771171421039,0.5382176950154715,0.06473841157100492,0.6301750309084918,0.2587123592900562,0.3104161870451781
villin,flip10_cut7,raw,0.10000348533933018,0.10000348533933018,0.09319809649479198,0.09056143870222007,0.3042609427533578,0.8999540323194135,0.45188161270842725,0.10002252691127202,0.9003007287884737,0.8998079544167443,0.10007068645492312
villin,flip10_cut7,linear,0.026359144825956176,0.11948975337791311,0.09319809649479198,0.09056143870222007,0.873536652411771,0.7680959827962891,0.8159862080294559,0.023142003585752597,0.6773837532877517,0.287527517627008,0.2413182666333875
villin,flip10_cut7,paper332,0.015166326103571957,0.06083452015171433,0.036856949770490005,0.035717614476077915,0.873536652411771,0.7680959827962891,0.8159862080294559,0.011923837733588787,0.6773837532877517,0.287527517627008,0.2574264249075317
villin,flip10_cut7,oracle_debiased_linear,0.016388063653314074,0.05907765053855921,0.0349123970269531,0.033659496322600145,0.873536652411771,0.7680959827962891,0.8159862080294559,0.013124285099618401,0.6773837532877517,0.287527517627008,0.2520725451669082
villin,flip10_cut7,hard_linear,0.014207291042985307,0.014207291042985307,0.008022422978322024,-0.003207447260316284,0.8679168079378021,0.7991163429822908,0.831369736938508,0.0100127280948996,0.7221106698960451,0.34645885227496115,0.36737748978667023
villin,flip10_cut7,moving_average,0.027601332355878545,0.12525298988613828,0.09319809649479223,0.09056143870222007,0.8313952148869778,0.6713716075182542,0.7390600700403812,0.02316794774258209,0.5543484135446374,0.23215449644003572,0.2739428131827781
villin,flip10_cut7,gaussian,0.026516662933136,0.1232434338014617,0.09319809649479195,0.09056143870222007,0.850073048818826,0.7065189648026925,0.7687573242465725,0.022524714431353992,0.5959980107820956,0.237177123202573,0.2651446192947548
villin,flip10_cut7,median,0.016994345437503566,0.016994345437503566,0.007775866590399347,-0.0025206787494535363,0.8276098329886693,0.7759444306156201,0.8004333025848865,0.011915105682018562,0.6993599664146983,0.29233607240952936,0.41279305876632644
villin,flip10_cut7,power_full,0.011448501525234578,0.020207130819372546,0.00853987476980239,0.0016684528275997118,0.8679168079378021,0.7991163429822908,0.831369736938508,0.008236568407447168,0.7221106698960451,0.34645885227496115,0.2880408280083245
villin,flip10_cut7,power_matched,0.011501640737587747,0.026375346220445416,0.011235621340422849,0.007058021589728289,0.8679168079378021,0.7991163429822908,0.831369736938508,0.008442461563521053,0.7221106698960451,0.34645885227496115,0.2713996636182884
villin,flip10_cut9,raw,0.09996716084899855,0.09996716084899855,0.0842778473385677,0.07720068396349197,0.5327367164725646,0.900075477085681,0.6681297033504491,0.09997408996424027,0.9000099617882041,0.9003951440030614,0.09975409219883109
villin,flip10_cut9,linear,0.03989330656890741,0.1354256075586508,0.08427784733856769,0.07720068396349195,0.8759447032120287,0.8374255243282072,0.8560983864170959,0.03362327576908177,0.7348922056286865,0.4440867428260407,0.2093940665937236
villin,flip10_cut9,paper332,0.02844495455988753,0.08665239082199962,0.03628340677718763,0.032455094977518584,0.8881151628105259,0.807091934786856,0.8452166201538368,0.021035786833398008,0.6797996501451808,0.3420823572840825,0.23676915204196122
villin,flip10_cut9,oracle_debiased_linear,0.03016359689086842,0.08797738609359862,0.03693929188749801,0.033069214497420674,0.8881151628105259,0.807091934786856,0.8452166201538368,0.02271802751916896,0.6797996501451808,0.3420823572840825,0.23308663814271177
villin,flip10_cut9,hard_linear,0.03091352164144139,0.03091352164144139,0.013287639289196199,-0.0046339866526105555,0.8759447032120287,0.8374255243282072,0.8560983864170959,0.021483729414388725,0.7348922056286865,0.4440867428260407,0.324667846329858
villin,flip10_cut9,moving_average,0.044700095297752686,0.1422472944254348,0.08427784733856769,0.07720068396349197,0.8504611060893111,0.7835919286802578,0.8153300588044798,0.036270890952889503,0.6532487742216805,0.28483792380667167,0.2576792644984616
villin,flip10_cut9,gaussian,0.04190280080328435,0.14525974637133876,0.0842778473385677,0.07720068396349201,0.8701303586584838,0.7723175565989004,0.8176301633213341,0.033225086985337556,0.6258776674651877,0.2637953966298061,0.25285613924698475
villin,flip10_cut9,median,0.03884737273185484,0.03884737273185484,0.015382038260307816,-0.00843343091563494,0.8504611060893111,0.7835919286802578,0.8153300588044798,0.025415881908794413,0.6532487742216805,0.28483792380667167,0.41691585827069194
villin,flip10_cut9,power_full,0.023857583321535616,0.04894253648428424,0.015489367980539001,0.008607897060880415,0.8759447032120287,0.8374255243282072,0.8560983864170959,0.017161495060792325,0.7348922056286865,0.4440867428260407,0.23328996550310768
villin,flip10_cut9,power_matched,0.023857583321535616,0.04894253648428424,0.015489367980539001,0.008607897060880415,0.8759447032120287,0.8374255243282072,0.8560983864170959,0.017161495060792325,0.7348922056286865,0.4440867428260407,0.23328996550310768
